食物编码,分类编码,食物名称,食物类别,大类名称,子类编码,子类名称,是否常用,是否特色,可食部分(%),水分(g),能量(kcal),能量(kJ),蛋白质(g),脂肪(g),碳水化合物(g),膳食纤维(g),胆固醇(mg),灰分(g),维生素A(μgRE),总胡萝卜素(μg),视黄醇(μg),硫胺素(mg),核黄素(mg),烟酸(mg),维生素C(mg),维生素E(mg),α-生育酚(mg),β+γ生育酚(mg),δ-生育酚(mg),钙(mg),磷(mg),钾(mg),钠(mg),镁(mg),铁(mg),锌(mg),硒(μg),铜(mg),锰(mg)
01-1-201,11201,小麦粉(标准粉),1,谷类及制品                  ,1,小麦,A,F,100,12.7,344,1439,11.2,1.5,73.6,2.1,—,1.0,—,—,—,0.28,0.08,2.0,—,1.80,1.59,…,0.21,31,188,190,3.1,50,3.5,1.64,5.36,0.42,1.56
01-1-202,11202,小麦粉(富强粉，特一粉),1,谷类及制品                  ,1,小麦,A,F,100,12.7,350,1464,10.3,1.1,75.2,0.6,—,0.7,—,—,—,0.17,0.06,2.0,—,0.73,0.51,0.22,…,27,114,128,2.7,32,2.7,0.97,6.88,0.26,0.77
01-1-302,11302,挂面(标准粉),1,谷类及制品                  ,1,小麦,A,F,100,12.4,344,1439,10.1,0.7,76.0,1.6,—,0.8,—,—,—,0.19,0.04,2.5,—,1.11,0.21,0.90,…,14,153,157,150.0,51,3.5,1.22,9.90,0.44,1.28
01-1-303,11303,挂面(富强粉),1,谷类及制品                  ,1,小麦,A,F,100,12.7,347,1452,9.6,0.6,76.0,0.3,—,1.1,—,—,—,0.20,0.04,2.4,—,0.88,0.62,0.18,0.08,21,112,122,110.6,48,3.2,0.74,11.13,0.40,0.68
01-1-304,11304,挂面(精制龙须面),1,谷类及制品                  ,1,小麦,A,,100,11.9,347,1452,11.2,0.5,74.7,0.2,—,1.7,—,—,—,0.18,0.03,2.5,—,—,—,—,—,26,137,109,292.8,48,2.3,0.87,14.28,0.33,0.81
01-1-306,11306,面条(标准粉，切面),1,谷类及制品                  ,1,小麦,A,,100,29.7,280,1172,8.5,1.6,59.5,1.5,—,0.7,—,—,—,0.35,0.10,3.1,—,0.47,…,0.47,…,13,142,161,3.4,61,2.6,1.07,0.40,0.20,1.35
01-1-307,11307,面条(富强粉，切面),1,谷类及制品                  ,1,小麦,,,100,29.2,285,1192,9.3,1.1,59.9,0.4,—,0.5,—,—,—,0.18,0.04,2.2,—,—,—,—,—,24,92,102,1.5,29,2.0,0.83,17.30,0.14,0.56
01-1-308,11308,面条(特粉，切面),1,谷类及制品                  ,1,小麦,A,,100,27.5,286,1197,7.3,0.1,64.5,0.6,—,0.6,—,—,—,0.17,0.09,0.3,—,0.47,0.09,0.38,…,3,181,128,9.7,36,4.7,1.68,15.82,0.16,0.74
01-1-309,11309,面条(富强粉，煮),1,谷类及制品                  ,1,小麦,,,100,72.6,109,456,2.7,0.2,24.3,0.1,—,0.2,—,—,—,…,0.01,1.8,—,—,—,—,—,4,25,15,26.9,10,0.5,0.21,0.20,0.04,0.20
01-1-310,11310,面条(干切面),1,谷类及制品                  ,1,小麦,,,100,10.5,355,1485,11.0,0.1,77.7,0.2,—,0.7,—,—,—,0.28,0.05,2.7,—,—,—,—,—,8,142,100,60.9,42,9.6,1.50,7.78,0.22,0.72
01-1-312,11312,通心面[通心粉],1,谷类及制品                  ,1,小麦,A,,100,11.8,350,1464,11.9,0.1,75.8,0.4,—,0.4,—,—,—,0.12,0.03,1.0,—,—,—,—,—,14,97,209,35.0,58,2.6,1.55,5.80,0.16,0.67
01-1-401,11401,花卷,1,谷类及制品                  ,1,小麦,,,100,45.7,211,883,6.4,1.0,45.6,1.5,—,1.3,—,—,—,Tr,0.02,1.1,—,—,—,—,—,19,72,83,95.0,12,0.4,…,6.17,0.09,—
01-1-403,11403,烙饼(标准粉),1,谷类及制品                  ,1,小麦,A,,100,36.4,255,1067,7.5,2.3,52.9,1.9,—,0.9,—,—,—,0.02,0.04,—,—,1.03,0.30,0.73,…,20,146,141,149.3,51,2.4,0.94,7.50,0.15,1.15
01-1-405,11405,馒头(标准粉),1,谷类及制品                  ,1,小麦,,,100,40.5,233,975,7.8,1.0,49.8,1.5,—,0.9,—,—,—,0.05,0.07,—,—,0.86,0.35,0.51,…,18,136,129,165.2,39,1.9,1.01,9.70,0.14,1.27
01-1-406,11406,馒头(富强粉),1,谷类及制品                  ,1,小麦,,,100,47.3,208,870,6.2,1.2,44.2,1.0,—,1.1,—,—,—,0.02,0.02,—,—,0.09,…,0.09,…,58,78,146,165.0,20,1.7,0.40,7.20,0.05,0.29
01-1-407,11407,烧饼(加糖),1,谷类及制品                  ,1,小麦,,,100,25.9,293,1226,8.0,2.1,62.7,2.1,—,1.3,—,—,—,Tr,0.01,1.1,—,0.39,0.21,0.18,…,51,105,122,62.5,26,1.6,0.36,12.16,0.15,—
01-1-408,11408,油饼,1,谷类及制品                  ,1,小麦,,,100,24.8,399,1669,7.9,22.9,42.4,2.0,—,2.0,—,—,—,0.11,0.05,—,—,13.72,12.21,1.38,0.13,46,124,106,572.5,13,2.3,0.97,10.60,0.27,0.71
01-1-409,11409,油条,1,谷类及制品                  ,1,小麦,A,F,100,21.8,386,1615,6.9,17.6,51.0,0.9,—,2.7,—,—,—,0.01,0.07,0.7,—,3.19,2.74,0.31,0.14,6,77,227,585.2,19,1.0,0.75,8.60,0.19,0.52
01-1-501,11501,水面筋,1,谷类及制品                  ,1,小麦,A,,100,63.5,141,590,23.5,0.1,12.3,0.9,—,0.6,—,—,—,0.10,0.07,1.1,—,0.65,0.35,0.30,…,76,133,69,15.0,26,4.2,1.76,1.00,0.19,0.86
01-1-502,11502,油面筋,1,谷类及制品                  ,1,小麦,A,F,100,7.1,490,2050,26.9,25.1,40.4,1.3,—,0.5,—,—,—,0.03,0.05,2.2,—,7.18,5.98,0.80,0.40,29,98,45,29.5,40,2.5,2.29,22.80,0.50,1.28
01-2-001,12001,稻米(均值),1,谷类及制品                  ,2,稻米,,,100,13.3,346,1448,7.4,0.8,77.9,0.7,—,0.6,—,—,—,0.11,0.05,1.9,—,0.46,—,—,—,13,110,103,3.8,34,2.3,1.70,2.23,0.30,1.29
01-2-101,12101,粳米(标一),1,谷类及制品                  ,2,稻米,,,100,13.7,343,1435,7.7,0.6,77.4,0.6,—,0.6,—,—,—,0.16,0.08,1.3,—,1.01,0.39,0.62,…,11,121,97,2.4,34,1.1,1.45,2.50,0.19,1.36
01-2-202,12202,籼米(标准)[机米],1,谷类及制品                  ,2,稻米,A,F,100,12.6,347,1452,7.9,0.6,78.3,0.8,—,0.6,—,—,—,0.09,0.04,1.4,—,0.54,0.43,0.11,…,12,112,109,1.7,28,1.6,1.47,1.99,0.29,1.27
01-2-212,12212,黑米,1,谷类及制品                  ,2,稻米,A,F,100,14.3,333,1393,9.4,2.5,72.2,3.9,—,1.6,—,—,—,0.33,0.13,7.9,—,0.22,…,0.22,…,12,356,256,7.1,147,1.6,3.80,3.20,0.15,1.72
01-2-213,12213,香大米,1,谷类及制品                  ,2,稻米,,,100,12.9,346,1448,12.7,0.9,72.4,0.6,—,1.1,—,—,—,—,0.08,2.6,—,0.70,0.39,0.11,0.20,8,106,49,21.5,12,5.1,0.69,4.60,0.52,1.75
01-2-301,12301,糯米[江米](均值),1,谷类及制品                  ,2,稻米,,,100,12.6,348,1456,7.3,1.0,78.3,0.8,—,0.8,—,—,—,0.11,0.04,2.3,—,1.29,0.87,0.42,…,26,113,137,1.5,49,1.4,1.54,2.71,0.25,1.54
01-2-401,12401,米饭(蒸)(均值),1,谷类及制品                  ,2,稻米,,,100,70.9,116,485,2.6,0.3,25.9,0.3,—,0.3,—,—,—,0.02,0.03,1.9,—,—,—,—,—,7,62,30,2.5,15,1.3,0.92,0.40,0.06,0.58
01-2-402,12402,粳米饭(蒸),1,谷类及制品                  ,2,稻米,,,100,70.6,117,490,2.6,0.3,26.2,0.2,—,0.3,—,—,—,…,0.03,2.0,—,—,—,—,—,7,62,39,3.3,20,2.2,1.36,0.40,0.08,0.85
01-2-403,12403,籼米饭(蒸),1,谷类及制品                  ,2,稻米,,,100,71.1,114,477,2.5,0.2,26.0,0.4,—,0.2,—,—,—,0.02,0.03,1.7,—,—,—,—,—,6,—,21,1.7,10,0.3,0.47,…,0.04,0.31
01-2-404,12404,粳米粥,1,谷类及制品                  ,2,稻米,,,100,88.6,46,192,1.1,0.3,9.9,0.1,—,0.1,—,—,—,…,0.03,0.2,—,—,—,—,—,7,20,13,2.8,7,0.1,0.20,0.20,0.03,0.20
01-2-405,12405,籼米粉[排米粉],1,谷类及制品                  ,2,稻米,,,100,10.7,355,1485,7.4,0.1,81.5,0.3,—,0.3,—,—,—,0.02,0.02,0.6,—,—,—,—,—,6,62,14,16.3,16,3.2,0.80,7.48,0.30,0.60
01-2-406,12406,籼米粉(干，细),1,谷类及制品                  ,2,稻米,A,,100,12.3,346,1448,8.0,0.1,78.3,0.1,—,1.3,—,—,—,0.03,—,0.2,—,—,—,—,—,—,53,43,5.9,23,1.4,2.27,3.44,0.09,0.63
01-2-407,12407,高蛋白豆米粉(籼米),1,谷类及制品                  ,2,稻米,,,100,2.0,414,1732,16.5,7.1,71.0,—,—,3.4,—,—,—,1.10,0.68,—,—,—,—,—,—,—,—,—,—,—,—,—,—,—,—
01-3-101,13101,玉米(鲜),1,谷类及制品                  ,3,玉米,,,46,71.3,106,444,4.0,1.2,22.8,2.9,—,0.7,—,—,—,0.16,0.11,1.8,16,0.46,…,0.14,0.32,—,117,238,1.1,32,1.1,0.90,1.63,0.09,0.22
01-3-104,13104,玉米面(白),1,谷类及制品                  ,3,玉米,A,F,100,13.4,340,1423,8.0,4.5,73.1,6.2,—,1.0,—,—,—,0.34,0.06,3.0,—,6.89,0.94,5.76,0.19,12,187,276,0.5,111,1.3,1.22,1.58,0.23,0.40
01-3-105,13105,玉米面(黄),1,谷类及制品                  ,3,玉米,A,,100,12.1,341,1427,8.1,3.3,75.2,5.6,—,1.3,7,40,—,0.26,0.09,2.3,—,3.80,0.77,2.81,0.22,22,196,249,2.3,84,3.2,1.42,2.49,0.35,0.47
01-3-106,13106,玉米面(强化豆粉),1,谷类及制品                  ,3,玉米,,,100,13.6,339,1418,11.8,4.9,68.3,6.4,—,1.4,—,—,—,0.21,0.04,3.1,—,7.13,0.85,5.50,0.78,18,234,370,1.6,106,3.4,1.28,9.15,0.38,0.74
01-3-107,13107,玉米糁(黄),1,谷类及制品                  ,3,玉米,A,,100,12.8,347,1452,7.9,3.0,75.6,3.6,—,0.7,—,—,—,0.10,0.08,1.2,—,0.57,…,0.39,0.18,49,143,177,1.7,151,2.4,1.16,4.90,0.16,0.22
01-5-101,15101,小米,1,谷类及制品                  ,5,小米，黄米,A,,100,11.6,358,1498,9.0,3.1,75.1,1.6,—,1.2,17,100,—,0.33,0.10,1.5,—,3.63,…,…,3.63,41,229,284,4.3,107,5.1,1.87,4.74,0.54,0.89
01-5-102,15102,小米面,1,谷类及制品                  ,5,小米，黄米,,F,100,11.8,356,1490,7.2,2.1,77.7,0.7,—,1.2,—,—,—,0.13,0.08,2.5,—,—,—,—,—,40,159,129,6.2,57,6.1,1.18,2.82,0.32,0.55
01-5-103,15103,小米粥,1,谷类及制品                  ,5,小米，黄米,,,100,89.3,46,192,1.4,0.7,8.4,…,—,0.2,—,—,—,0.02,0.07,0.9,—,0.26,…,0.26,…,10,32,19,4.1,22,1.0,0.41,0.30,0.07,0.16
01-5-202,15202,黄米,1,谷类及制品                  ,5,小米，黄米,A,,100,11.1,342,1431,9.7,1.5,76.9,4.4,—,0.8,—,—,—,0.09,0.13,1.3,—,4.61,…,3.24,1.37,—,—,—,3.3,—,—,2.07,—,0.90,0.23
02-1-101,21101,马铃薯[土豆，洋芋],2,薯类、淀粉及制品,1,薯类,A,,94,79.8,76,318,2.0,0.2,17.2,0.7,—,0.8,5,30,—,0.08,0.04,1.1,27,0.34,0.08,0.10,0.16,8,40,342,2.7,23,0.8,0.37,0.78,0.12,0.14
02-1-201,21201,甘薯(白心)[红皮山芋],2,薯类、淀粉及制品,1,薯类,A,,86,72.6,104,435,1.4,0.2,25.2,1.0,—,0.6,37,220,—,0.07,0.04,0.6,24,0.43,0.43,…,…,24,46,174,58.2,17,0.8,0.22,0.63,0.16,0.21
02-1-202,21202,甘薯(红心)[山芋，红薯],2,薯类、淀粉及制品,1,薯类,A,F,90,73.4,99,414,1.1,0.2,24.7,1.6,—,0.6,125,750,—,0.04,0.04,0.6,26,0.28,0.28,…,…,23,39,130,28.5,12,0.5,0.15,0.48,0.18,0.11
02-2-103,22103,玉米淀粉,2,薯类、淀粉及制品,2,淀粉类,,,100,13.5,345,1443,1.2,0.1,85.0,0.1,—,0.2,—,—,—,0.03,0.04,1.1,—,—,—,—,—,18,25,8,6.3,6,4.0,0.09,0.70,0.07,0.05
02-2-104,22104,团粉[芡粉],2,薯类、淀粉及制品,2,淀粉类,,,100,12.6,346,1448,1.5,…,85.8,0.8,—,0.1,—,—,—,0.01,…,0.2,—,—,—,—,—,34,25,16,13.3,14,3.6,0.18,0.37,0.06,0.08
02-2-105,22105,藕粉,2,薯类、淀粉及制品,2,淀粉类,,,100,6.4,372,1556,0.2,…,93.0,0.1,—,0.4,—,—,—,…,0.01,0.4,—,—,—,—,—,8,9,35,10.8,2,17.9,0.15,2.10,0.22,0.28
02-2-106,22106,桂花藕粉,2,薯类、淀粉及制品,2,淀粉类,A,,100,13.6,344,1439,0.4,0.1,85.3,…,—,0.6,—,—,—,Tr,0.01,0.2,—,—,—,—,—,36,13,14,6.5,5,20.8,0.23,0.39,0.05,0.34
02-2-107,22107,魔芋精粉[鬼芋粉，南星粉],2,薯类、淀粉及制品,2,淀粉类,,F,100,12.2,37,155,4.6,0.1,78.8,74.4,—,4.3,—,—,—,Tr,0.10,0.4,—,—,—,—,—,45,272,299,49.9,66,1.6,2.05,350.15,0.17,0.88
02-2-201,22201,粉丝,2,薯类、淀粉及制品,2,淀粉类,,,100,15.0,335,1402,0.8,0.2,83.7,1.1,—,0.3,—,—,—,0.03,0.02,0.4,—,—,—,—,—,31,16,18,9.3,11,6.4,0.27,3.39,0.05,0.15
02-2-202,22202,豌豆粉丝,2,薯类、淀粉及制品,2,淀粉类,,,100,7.7,367,1536,0.4,…,91.7,0.3,—,0.2,—,—,—,0.02,…,…,—,—,—,—,—,10,9,6,5.0,4,3.5,0.32,…,0.05,0.09
02-2-203,22203,粉条,2,薯类、淀粉及制品,2,淀粉类,,,100,14.3,337,1410,0.5,0.1,84.2,0.6,—,0.9,—,—,—,0.01,…,0.1,—,—,—,—,—,35,23,18,9.6,11,5.2,0.83,2.18,0.18,0.16
03-1-101,31101,黄豆[大豆],3,干豆类及制品,1,大豆,A,F,100,10.2,359,1502,35.0,16.0,34.2,15.5,—,4.6,37,220,—,0.41,0.20,2.1,—,18.90,0.90,13.39,4.61,191,465,1503,2.2,199,8.2,3.34,6.16,1.35,2.26
03-1-201,31201,黄豆粉,3,干豆类及制品,1,大豆,A,F,100,6.7,418,1749,32.7,18.3,37.6,7.0,—,4.7,63,380,—,0.31,0.22,2.5,—,33.69,…,20.44,13.25,207,395,1890,3.6,129,8.1,3.89,2.47,1.39,2.00
03-1-202,31202,豆腐花[豆腐粉],3,干豆类及制品,1,大豆,,F,100,1.6,401,1678,10.0,2.6,84.3,…,—,1.5,42,250,—,0.02,0.03,0.4,—,5.00,…,2.65,2.35,175,95,339,…,60,3.3,0.75,1.70,0.28,0.52
03-1-205,31205,豆粕(膨化)[大豆蛋白],3,干豆类及制品,1,大豆,A,,100,9.3,321,1343,36.6,0.7,48.0,5.9,—,5.4,—,—,—,…,0.11,5.8,—,1.14,…,0.62,0.52,144,161,950,3.3,60,9.8,3.17,2.78,1.23,1.78
03-1-302,31302,豆腐(北),3,干豆类及制品,1,大豆,A,F,100,80.0,98,410,12.2,4.8,2.0,0.5,—,1.0,5,30,—,0.05,0.03,0.3,—,6.70,…,2.78,3.92,138,158,106,7.3,63,2.5,0.63,1.55,0.22,0.69
03-1-303,31303,豆腐(南)[南豆腐],3,干豆类及制品,1,大豆,A,F,100,87.9,57,238,6.2,2.5,2.6,0.2,—,0.8,—,—,—,0.02,0.04,1.0,—,3.62,…,1.76,1.86,116,90,154,3.1,36,1.5,0.59,2.62,0.14,0.44
03-1-304,31304,豆腐(内酯),3,干豆类及制品,1,大豆,A,F,100,89.2,49,205,5.0,1.9,3.3,0.4,—,0.6,—,—,—,0.06,0.03,0.3,—,3.26,…,1.12,2.14,17,57,95,6.4,24,0.8,0.55,0.81,0.13,0.26
03-1-305,31305,豆腐脑[老豆腐],3,干豆类及制品,1,大豆,,F,100,96.7,15,63,1.9,0.8,0.0,—,—,0.6,—,—,—,0.04,0.02,0.4,—,10.46,—,—,—,18,5,107,2.8,28,0.9,0.49,Tr,0.26,0.25
03-1-401,31401,豆浆,3,干豆类及制品,1,大豆,A,F,100,96.4,14,59,1.8,0.7,1.1,1.1,—,0.2,15,90,—,0.02,0.02,0.1,—,0.80,…,0.48,0.32,10,30,48,3.0,9,0.5,0.24,0.14,0.07,0.09
03-1-502,31502,豆腐丝(干),3,干豆类及制品,1,大豆,,,100,7.4,451,1887,57.7,22.8,3.7,Tr,—,8.4,—,—,—,0.30,0.60,—,—,7.80,—,—,—,5,74,7,110.0,—,1.3,3.59,2.72,0.26,2.40
03-1-503,31503,豆腐丝(油),3,干豆类及制品,1,大豆,A,,100,38.2,300,1255,24.2,17.1,14.5,2.2,—,6.0,3,20,—,0.02,0.09,1.8,—,17.80,1.78,10.21,5.81,152,423,208,769.4,93,5.0,2.98,6.10,0.27,1.37
03-1-505,31505,豆腐皮,3,干豆类及制品,1,大豆,A,F,100,16.5,409,1711,44.6,17.4,18.8,0.2,—,2.7,—,—,—,0.31,0.11,1.5,—,20.63,1.12,5.95,13.56,116,318,536,9.4,111,13.9,3.81,2.26,1.86,3.51
03-1-506,31506,油豆腐,3,干豆类及制品,1,大豆,A,F,100,58.8,244,1021,17.0,17.6,4.9,0.6,—,1.7,5,30,—,0.05,0.04,0.3,—,24.70,1.89,14.28,8.53,147,238,158,32.5,72,5.2,2.03,0.63,0.30,1.38
03-1-507,31507,腐竹,3,干豆类及制品,1,大豆,A,F,100,7.9,459,1920,44.6,21.7,22.3,1.0,—,3.5,—,—,—,0.13,0.07,0.8,—,27.84,1.43,19.13,7.28,77,284,553,26.5,71,16.5,3.69,6.65,1.31,2.55
03-1-509,31509,千张[百页],3,干豆类及制品,1,大豆,A,F,100,52.0,260,1088,24.5,16.0,5.5,1.0,—,2.0,5,30,—,0.04,0.05,0.2,—,23.38,0.94,10.42,12.02,313,309,94,20.6,80,6.4,2.52,1.75,0.46,1.96
03-1-513,31513,豆腐干(酱油干),3,干豆类及制品,1,大豆,,,100,70.2,156,653,14.9,9.1,4.0,0.3,—,1.8,—,—,—,0.02,0.03,—,—,16.41,4.57,10.82,1.02,413,188,130,90.3,46,5.9,1.18,—,1.28,1.36
03-1-516,31516,豆腐干(香干),3,干豆类及制品,1,大豆,A,F,100,69.2,151,632,15.8,7.8,5.1,0.8,—,2.1,7,40,—,0.04,0.03,0.3,—,15.85,4.69,10.09,1.07,299,219,99,234.1,88,5.7,1.59,3.15,0.41,1.19
03-1-518,31518,豆腐干(熏干),3,干豆类及制品,1,大豆,A,,100,67.5,153,640,15.8,6.2,8.8,0.3,—,1.7,2,10,—,0.03,0.01,1.0,—,7.03,…,4.04,2.99,173,109,136,232.7,109,3.9,1.80,8.90,0.22,1.05
03-1-520,31520,素大肠,3,干豆类及制品,1,大豆,,,100,63.0,153,640,18.1,3.6,13.0,1.0,—,2.3,—,—,—,0.02,0.02,0.1,—,—,—,—,—,445,249,179,144.7,56,3.8,4.03,—,1.06,1.14
03-1-521,31521,素火腿,3,干豆类及制品,1,大豆,,F,100,55.0,211,883,19.1,13.2,4.8,0.9,—,7.9,—,—,—,0.01,0.03,0.1,—,25.99,4.17,21.82,…,8,115,24,675.9,25,7.3,1.96,3.18,0.16,1.57
03-1-522,31522,素鸡,3,干豆类及制品,1,大豆,A,F,100,64.3,192,803,16.5,12.5,4.2,0.9,—,2.5,10,60,—,0.02,0.03,0.4,—,17.80,0.69,6.64,10.47,319,180,42,373.8,61,5.3,1.74,6.73,0.27,1.12
03-1-524,31524,素什锦,3,干豆类及制品,1,大豆,A,,100,65.3,173,724,14.0,10.2,8.3,2.0,—,2.2,—,—,—,0.07,0.04,0.5,—,9.51,2.19,4.90,2.42,174,186,143,475.1,45,6.0,1.25,2.80,0.21,1.06
03-2-101,32101,绿豆,3,干豆类及制品,2,绿豆,A,F,100,12.3,316,1322,21.6,0.8,62.0,6.4,—,3.3,22,130,—,0.25,0.11,2.0,—,10.95,…,10.66,0.29,81,337,787,3.2,125,6.5,2.18,4.28,1.08,1.11
03-2-102,32102,绿豆面,3,干豆类及制品,2,绿豆,A,F,100,9.6,330,1381,20.8,0.7,65.8,5.8,—,3.1,15,90,—,0.45,0.12,0.7,—,—,—,—,—,134,304,1055,3.3,—,8.1,2.68,10.58,1.55,—
03-2-201,32201,绿豆饼[饼折],3,干豆类及制品,2,绿豆,,,100,69.7,122,510,15.2,1.2,12.7,—,—,1.2,—,—,—,0.07,0.02,—,—,—,—,—,—,18,25,16,3.1,2,1.0,0.42,—,0.19,0.31
03-3-101,33101,赤小豆[小豆，红小豆],3,干豆类及制品,3,赤豆,A,F,100,12.6,309,1293,20.2,0.6,63.4,7.7,—,3.2,13,80,—,0.16,0.11,2.0,—,14.36,…,6.01,8.35,74,305,860,2.2,138,7.4,2.20,3.80,0.64,1.33
03-3-201,33201,小豆粥,3,干豆类及制品,3,赤豆,,,100,84.4,61,255,1.2,0.4,13.7,0.6,—,0.3,—,—,—,…,…,0.2,—,0.19,…,…,0.19,13,14,45,2.3,17,0.6,0.33,0.50,0.03,0.09
03-3-202,33202,豆沙,3,干豆类及制品,3,赤豆,,,100,39.2,243,1017,5.5,1.9,52.7,1.7,—,0.7,—,—,—,0.03,0.05,0.3,—,4.37,1.05,1.57,1.75,42,68,139,23.5,2,8.0,0.32,0.89,0.13,0.33
03-4-101,34101,花豆(红),3,干豆类及制品,4,芸豆,A,,100,14.8,317,1326,19.1,1.3,62.7,5.5,—,2.1,72,430,—,0.25,—,3.0,—,6.13,—,—,—,38,48,358,12.5,17,0.3,1.27,19.05,0.94,1.22
03-4-102,34102,花豆(紫),3,干豆类及制品,4,芸豆,A,,97,13.2,315,1318,17.2,1.4,65.8,7.4,—,2.4,47,280,—,0.14,—,2.7,—,9.64,—,—,—,221,169,641,19.6,120,5.9,3.40,74.06,0.92,1.08
03-4-103,34103,芸豆(白),3,干豆类及制品,4,芸豆,A,,100,14.4,296,1238,23.4,1.4,57.2,9.8,—,3.6,—,—,—,0.18,0.26,2.4,—,6.16,—,—,—,—,—,—,—,—,—,—,—,—,—
03-4-104,34104,芸豆(红),3,干豆类及制品,4,芸豆,A,,100,11.1,314,1314,21.4,1.3,62.5,8.3,—,3.7,30,180,—,0.18,0.09,2.0,—,7.74,0.20,7.14,0.40,176,218,1215,0.6,164,5.4,2.07,4.61,0.83,1.43
03-5-101,35101,蚕豆,3,干豆类及制品,5,蚕豆,A,,100,13.2,335,1402,21.6,1.0,61.5,1.7,—,2.7,—,—,—,0.09,0.13,1.9,2,1.60,0.98,0.62,…,31,418,1117,86.0,57,8.2,3.42,1.30,0.99,1.09
03-5-105,35105,脑豆,3,干豆类及制品,5,蚕豆,A,,100,10.7,360,1506,23.4,3.8,59.6,1.5,—,2.5,—,—,—,0.35,0.28,2.9,—,19.21,—,—,—,327,354,686,12.0,171,7.7,2.45,7.34,1.14,2.05
03-5-201,35201,蚕豆(烤),3,干豆类及制品,5,蚕豆,,,100,4.3,372,1556,27.0,2.0,63.8,2.2,—,2.9,18,110,…,0.22,0.12,4.8,—,5.16,0.42,4.74,…,229,454,1083,10.9,138,5.3,3.04,4.90,1.34,1.15
03-5-202,35202,蚕豆(炸)[开花豆],3,干豆类及制品,5,蚕豆,,,100,10.5,446,1866,26.7,20.0,40.4,0.5,—,2.4,—,—,—,0.16,0.12,7.7,—,5.15,2.36,2.79,…,207,330,742,547.9,69,3.6,2.83,2.10,0.94,0.18
03-9-101,39101,扁豆,3,干豆类及制品,9,其它,A,,100,9.9,326,1364,25.3,0.4,61.9,6.5,—,2.5,5,30,—,0.26,0.45,2.6,—,1.86,—,—,—,137,218,439,2.3,92,19.2,1.90,32.00,1.27,1.19
03-9-102,39102,扁豆(白),3,干豆类及制品,9,其它,A,F,100,19.4,257,1075,19.0,1.3,55.6,13.4,—,4.7,—,—,—,0.33,0.11,1.2,—,0.89,0.01,0.53,0.35,68,340,1070,1.0,163,4.0,1.93,1.17,0.52,1.31
03-9-201,39201,眉豆[饭豇豆],3,干豆类及制品,9,其它,,F,100,12.0,320,1339,18.6,1.1,65.6,6.6,—,2.7,—,—,—,0.15,0.18,2.1,—,12.29,…,4.89,7.40,60,310,525,86.5,171,5.5,4.70,2.89,0.86,2.14
03-9-202,39202,豇豆,3,干豆类及制品,9,其它,A,F,100,10.9,322,1347,19.3,1.2,65.6,7.1,—,3.0,10,60,—,0.16,0.08,1.9,—,8.61,5.34,3.27,…,40,344,737,6.8,36,7.1,3.04,5.74,2.10,1.07
03-9-203,39203,豇豆(紫),3,干豆类及制品,9,其它,,,100,11.2,315,1318,18.9,0.4,65.8,6.9,—,3.7,3,20,—,0.22,0.09,2.4,—,11.42,0.88,3.73,6.81,67,345,500,4.0,41,7.9,1.61,1.52,1.42,0.98
03-9-301,39301,豌豆,3,干豆类及制品,9,其它,A,F,100,10.4,313,1310,20.3,1.1,65.8,10.4,—,2.4,42,250,—,0.49,0.14,2.4,—,8.47,…,8.28,0.19,97,259,823,9.7,118,4.9,2.35,1.69,0.47,1.15
03-9-302,39302,豌豆(花),3,干豆类及制品,9,其它,,F,100,11.5,322,1347,21.6,1.0,63.6,6.9,—,2.3,40,240,—,0.68,0.22,2.4,—,9.63,0.11,9.27,0.25,106,218,736,3.2,112,4.4,2.47,9.72,0.54,1.17
04-1-101,41101,白萝卜[莱菔],4,蔬菜类及其制品,1,根菜类,A,,95,93.4,21,88,0.9,0.1,5.0,1.0,—,0.6,3,20,—,0.02,0.03,0.3,21,0.92,0.92,…,…,36,26,173,61.8,16,0.5,0.30,0.61,0.04,0.09
04-1-102,41102,变萝卜[红皮萝卜],4,蔬菜类及其制品,1,根菜类,A,,94,91.6,27,113,1.2,0.1,6.4,1.2,—,0.7,3,20,—,0.03,0.04,0.6,24,1.80,1.80,…,…,45,33,167,68.0,22,0.6,0.29,1.07,0.04,0.10
04-1-105,41105,红心萝卜,4,蔬菜类及其制品,1,根菜类,,,94,88.0,38,159,1.2,Tr,9.8,1.4,—,1.0,13,80,—,0.02,0.02,0.1,20,—,—,—,—,86,30,385,49.1,23,0.9,0.74,0.73,0.05,0.08
04-1-107,41107,青萝卜,4,蔬菜类及其制品,1,根菜类,,,95,91.0,31,130,1.3,0.2,6.8,0.8,—,0.7,10,60,—,0.04,0.06,—,14,0.22,…,…,0.22,40,34,232,69.9,12,0.8,0.34,0.59,0.02,0.12
04-1-108,41108,水萝卜[脆萝卜],4,蔬菜类及其制品,1,根菜类,,,93,92.9,20,84,0.8,…,5.5,1.4,—,0.8,42,250,—,0.03,0.05,—,45,—,—,—,—,—,—,—,9.7,—,—,0.49,—,0.01,0.05
04-1-109,41109,小水萝卜[算盘子，红皮萝卜],4,蔬菜类及其制品,1,根菜类,,,66,93.9,19,79,1.1,0.2,4.2,1.0,—,0.6,3,20,—,0.02,0.04,0.4,22,0.78,0.55,0.23,…,32,21,286,33.5,17,0.4,0.21,0.65,0.03,0.09
04-1-201,41201,胡萝卜(红)[金笋，丁香萝卜],4,蔬菜类及其制品,1,根菜类,A,,96,89.2,37,155,1.0,0.2,8.8,1.1,—,0.8,688,4130,—,0.04,0.03,0.6,13,0.41,0.36,0.05,…,32,27,190,71.4,14,1.0,0.23,0.63,0.08,0.24
04-1-202,41202,胡萝卜(黄),4,蔬菜类及其制品,1,根菜类,,,97,87.4,43,180,1.4,0.2,10.2,1.3,—,0.8,668,4010,—,0.04,0.04,0.2,16,—,—,—,—,32,16,193,25.1,7,0.5,0.14,2.80,0.03,0.07
04-1-301,41301,芥菜头[大头菜，水芥],4,蔬菜类及其制品,1,根菜类,,,83,89.6,33,138,1.9,0.2,7.4,1.4,—,0.9,—,—,—,0.06,0.02,0.6,34,0.20,0.20,…,…,65,36,243,65.6,19,0.8,0.39,0.95,0.09,0.15
04-1-302,41302,苤蓝[玉蔓菁，球茎甘蓝],4,蔬菜类及其制品,1,根菜类,,,78,90.8,30,126,1.3,0.2,7.0,1.3,—,0.7,3,20,—,0.04,0.02,0.5,41,0.13,0.10,0.03,…,25,46,190,29.8,24,0.3,0.17,0.16,0.02,0.11
04-1-401,41401,甜菜根[甜菜头，糖萝卜],4,蔬菜类及其制品,1,根菜类,,,90,74.8,75,314,1.0,0.1,23.5,5.9,—,0.6,—,—,—,0.05,0.04,0.2,8,1.85,1.85,…,…,56,18,254,20.8,38,0.9,0.31,0.29,0.15,0.86
04-2-101,42101,扁豆[月亮菜],4,蔬菜类及其制品,2,鲜豆类,A,,91,88.3,37,155,2.7,0.2,8.2,2.1,—,0.6,25,150,—,0.04,0.07,0.9,13,0.24,…,0.24,…,38,54,178,3.8,34,1.9,0.72,0.94,0.12,0.34
04-2-102,42102,蚕豆,4,蔬菜类及其制品,2,鲜豆类,,,31,70.2,104,435,8.8,0.4,19.5,3.1,—,1.1,52,310,—,0.37,0.10,1.5,16,0.83,0.03,0.75,0.05,16,200,391,4.0,46,3.5,1.37,2.02,0.39,0.55
04-2-103,42103,刀豆,4,蔬菜类及其制品,2,鲜豆类,,,92,89.0,36,151,3.1,0.3,7.0,1.8,—,0.6,37,220,—,0.05,0.07,1.0,15,0.40,0.12,0.08,0.20,49,57,209,8.5,29,4.6,0.84,0.88,0.09,0.45
04-2-104,42104,豆角,4,蔬菜类及其制品,2,鲜豆类,,,96,90.0,30,126,2.5,0.2,6.7,2.1,—,0.6,33,200,—,0.05,0.07,0.9,18,2.24,0.23,1.74,0.27,29,55,207,3.4,35,1.5,0.54,2.16,0.15,0.41
04-2-105,42105,豆角(白),4,蔬菜类及其制品,2,鲜豆类,,,97,89.7,30,126,2.2,0.2,7.4,2.6,—,0.5,97,580,—,0.06,0.04,0.9,39,2.38,0.23,1.06,1.09,26,40,192,9.5,28,0.8,0.60,1.60,0.10,0.78
04-2-106,42106,荷兰豆,4,蔬菜类及其制品,2,鲜豆类,A,,88,91.9,27,113,2.5,0.3,4.9,1.4,—,0.4,80,480,—,0.09,0.04,0.7,16,0.30,0.21,0.09,…,51,19,116,8.8,16,0.9,0.50,0.42,0.06,0.48
04-2-107,42107,龙豆,4,蔬菜类及其制品,2,鲜豆类,,,98,90.0,32,134,3.7,0.5,5.0,1.9,—,0.8,87,520,—,0.04,0.06,1.0,11,0.77,—,—,—,147,54,142,4.1,46,1.3,0.46,4.06,0.35,0.19
04-2-109,42109,毛豆[青豆，菜用大豆],4,蔬菜类及其制品,2,鲜豆类,A,,53,69.6,123,515,13.1,5.0,10.5,4.0,—,1.8,22,130,—,0.15,0.07,1.4,27,2.44,…,1.09,1.35,135,188,478,3.9,70,3.5,1.73,2.48,0.54,1.20
04-2-110,42110,四季豆[菜豆],4,蔬菜类及其制品,2,鲜豆类,,,96,91.3,28,117,2.0,0.4,5.7,1.5,—,0.6,35,210,—,0.04,0.07,0.4,6,1.24,0.42,0.64,0.18,42,51,123,8.6,27,1.5,0.23,0.43,0.11,0.18
04-2-112,42112,豌豆尖,4,蔬菜类及其制品,2,鲜豆类,,,100,42.1,223,933,3.1,Tr,53.9,1.3,—,0.9,452,2710,—,0.07,0.23,Tr,11,0.22,0.10,0.12,…,17,65,160,3.2,24,5.1,0.93,1.94,0.06,0.98
04-2-113,42113,油豆角[多花菜豆],4,蔬菜类及其制品,2,鲜豆类,A,,99,92.2,22,92,2.4,0.3,3.9,1.6,—,1.2,27,160,—,0.07,0.08,1.4,11,2.39,—,—,—,69,56,240,3.3,35,1.9,0.38,1.10,0.61,0.12
04-2-115,42115,芸豆,4,蔬菜类及其制品,2,鲜豆类,,,96,91.1,25,105,0.8,0.1,7.4,2.1,—,0.6,40,240,—,0.33,0.06,0.8,9,0.07,…,…,0.07,88,37,112,4.0,16,1.0,1.04,0.23,0.24,0.44
04-2-116,42116,豇豆,4,蔬菜类及其制品,2,鲜豆类,A,,97,90.3,29,121,2.9,0.3,5.9,2.3,—,0.6,42,250,—,0.07,0.09,1.4,19,4.39,1.28,2.59,0.52,27,63,112,2.2,31,0.5,0.54,0.74,0.14,0.37
04-2-117,42117,豇豆(长),4,蔬菜类及其制品,2,鲜豆类,,,98,90.8,29,121,2.7,0.2,5.8,1.8,—,0.5,20,120,—,0.07,0.07,0.8,18,0.65,…,0.13,0.52,42,50,145,4.6,43,1.0,0.94,1.40,0.11,0.39
04-2-201,42201,发芽豆,4,蔬菜类及其制品,2,鲜豆类,A,,83,66.1,128,536,12.4,0.7,19.4,1.3,—,1.4,—,—,—,0.30,0.17,2.3,4,2.80,1.43,1.31,0.06,41,134,179,3.9,1,5.0,0.72,0.73,0.32,0.37
04-2-202,42202,黄豆芽,4,蔬菜类及其制品,2,鲜豆类,A,F,100,88.8,44,184,4.5,1.6,4.5,1.5,—,0.6,5,30,—,0.04,0.07,0.6,8,0.80,…,0.40,0.40,21,74,160,7.2,21,0.9,0.54,0.96,0.14,0.34
04-2-203,42203,绿豆芽,4,蔬菜类及其制品,2,鲜豆类,A,F,100,94.6,18,75,2.1,0.1,2.9,0.8,—,0.3,3,20,—,0.05,0.06,0.5,6,0.19,…,0.17,0.02,9,37,68,4.4,18,0.6,0.35,0.50,0.10,0.10
04-2-204,42204,豌豆苗,4,蔬菜类及其制品,2,鲜豆类,A,,86,89.6,34,142,4.0,0.8,4.6,1.9,—,1.0,445,2667,—,0.05,0.11,1.1,67,2.46,0.54,0.03,1.89,40,67,222,18.5,21,4.2,0.77,1.09,0.20,0.76
04-3-102,43102,茄子(绿皮),4,蔬菜类及其制品,3,茄果、瓜菜类,A,,90,92.8,25,105,1.0,0.6,5.2,1.2,—,0.4,20,120,—,0.02,0.20,0.6,7,0.55,0.23,0.12,0.20,12,26,162,6.8,13,0.1,0.24,0.64,0.05,0.07
04-3-103,43103,茄子(圆),4,蔬菜类及其制品,3,茄果、瓜菜类,,,95,91.2,28,117,1.6,0.2,6.7,1.7,—,0.3,Tr,Tr,—,0.03,0.03,Tr,1,0.88,0.80,0.05,0.03,5,19,112,3.2,17,1.8,0.29,0.48,0.11,0.10
04-3-104,43104,茄子(紫皮，长),4,蔬菜类及其制品,3,茄果、瓜菜类,A,,96,93.1,19,79,1.0,0.1,5.4,1.9,—,0.4,30,180,—,0.03,0.03,0.6,7,0.20,0.14,0.01,0.05,55,28,136,6.4,15,0.4,0.16,0.57,0.07,0.14
04-3-105,43105,番茄[西红柿],4,蔬菜类及其制品,3,茄果、瓜菜类,A,,97,94.4,19,79,0.9,0.2,4.0,0.5,—,0.5,92,550,—,0.03,0.03,0.6,19,0.57,0.18,0.13,0.26,10,23,163,5.0,9,0.4,0.13,0.15,0.06,0.08
04-3-108,43108,辣椒(红，尖，干),4,蔬菜类及其制品,3,茄果、瓜菜类,,,88,14.6,212,887,15.0,12.0,52.7,41.7,—,5.7,—,—,—,0.53,0.16,1.2,—,8.76,6.45,1.20,1.11,12,298,1085,4.0,131,6.0,8.21,—,0.61,11.70
04-3-111,43111,甜椒[灯笼椒，柿子椒],4,蔬菜类及其制品,3,茄果、瓜菜类,A,,82,93.0,22,92,1.0,0.2,5.4,1.4,—,0.4,57,340,—,0.03,0.03,0.9,72,0.59,0.49,0.05,0.05,14,20,142,3.3,12,0.8,0.19,0.38,0.09,0.12
04-3-114,43114,秋葵[黄秋葵，羊角豆],4,蔬菜类及其制品,3,茄果、瓜菜类,,,88,86.2,37,155,2.0,0.1,11.0,3.9,—,0.7,52,310,—,0.05,0.09,1.0,4,1.03,0.92,0.11,…,45,65,95,3.9,29,0.1,0.23,0.51,0.07,0.28
04-3-201,43201,白瓜,4,蔬菜类及其制品,3,茄果、瓜菜类,,,83,96.2,10,42,0.9,—,2.6,0.9,—,0.3,—,—,—,0.02,0.04,0.1,16,0.20,0.04,0.16,…,6,11,70,1.0,8,0.1,0.04,1.10,0.01,0.11
04-3-202,43202,菜瓜[生瓜，白瓜],4,蔬菜类及其制品,3,茄果、瓜菜类,A,,88,95.0,18,75,0.6,0.2,3.9,0.4,—,0.3,3,20,—,0.02,0.01,0.2,12,0.03,…,0.03,…,20,14,136,1.6,15,0.5,0.10,0.63,0.03,0.03
04-3-203,43203,冬瓜,4,蔬菜类及其制品,3,茄果、瓜菜类,A,,80,96.6,11,46,0.4,0.2,2.6,0.7,—,0.2,13,80,—,0.01,0.01,0.3,18,0.08,0.03,0.01,0.04,19,12,78,1.8,8,0.2,0.07,0.22,0.07,0.03
04-3-205,43205,佛手瓜[棒瓜，菜肴梨],4,蔬菜类及其制品,3,茄果、瓜菜类,,,100,94.3,16,67,1.2,0.1,3.8,1.2,—,0.6,3,20,—,0.01,0.10,0.1,8,—,—,—,—,17,18,76,1.0,10,0.1,0.08,1.45,0.02,0.03
04-3-208,43208,黄瓜[胡瓜],4,蔬菜类及其制品,3,茄果、瓜菜类,A,,92,95.8,15,63,0.8,0.2,2.9,0.5,—,0.3,15,90,—,0.02,0.03,0.2,9,0.49,0.08,0.24,0.17,24,24,102,4.9,15,0.5,0.18,0.38,0.05,0.06
04-3-209,43209,节瓜[毛瓜],4,蔬菜类及其制品,3,茄果、瓜菜类,,,92,95.6,12,50,0.6,0.1,3.4,1.2,—,0.3,—,—,—,0.02,0.05,0.4,39,0.27,0.16,0.11,…,4,13,40,0.2,7,0.1,0.08,0.26,0.02,0.10
04-3-210,43210,金瓜,4,蔬菜类及其制品,3,茄果、瓜菜类,,,82,95.6,14,59,0.5,0.1,3.4,0.7,—,0.4,10,60,—,0.02,0.02,0.6,2,0.43,0.43,…,…,17,10,152,0.9,8,0.9,0.17,0.28,0.04,Tr
04-3-212,43212,苦瓜[凉瓜，癞瓜],4,蔬菜类及其制品,3,茄果、瓜菜类,A,,81,93.4,19,79,1.0,0.1,4.9,1.4,—,0.6,17,100,—,0.03,0.03,0.4,56,0.85,0.61,0.24,…,14,35,256,2.5,18,0.7,0.36,0.36,0.06,0.16
04-3-213,43213,南瓜[倭瓜，番瓜],4,蔬菜类及其制品,3,茄果、瓜菜类,A,,85,93.5,22,92,0.7,0.1,5.3,0.8,—,0.4,148,890,—,0.03,0.04,0.4,8,0.36,0.29,0.07,…,16,24,145,0.8,8,0.4,0.14,0.46,0.03,0.08
04-3-216,43216,丝瓜,4,蔬菜类及其制品,3,茄果、瓜菜类,A,,83,94.3,20,84,1.0,0.2,4.2,0.6,—,0.3,15,90,—,0.02,0.04,0.4,5,0.22,0.06,0.05,0.11,14,29,115,2.6,11,0.4,0.21,0.86,0.06,0.06
04-4-101,44101,大蒜[蒜头],4,蔬菜类及其制品,4,葱蒜类,A,,85,66.6,126,527,4.5,0.2,27.6,1.1,—,1.1,5,30,—,0.04,0.06,0.6,7,1.07,1.07,…,…,39,117,302,19.6,21,1.2,0.88,3.09,0.22,0.29
04-4-104,44104,青蒜,4,蔬菜类及其制品,4,葱蒜类,A,,84,90.4,30,126,2.4,0.3,6.2,1.7,—,0.7,98,590,—,0.06,0.04,0.6,16,0.80,0.78,0.02,…,24,25,168,9.3,17,0.8,0.23,1.27,0.05,0.15
04-4-105,44105,蒜黄,4,蔬菜类及其制品,4,葱蒜类,,,97,93.0,21,88,2.5,0.2,3.8,1.4,—,0.5,47,280,—,0.05,0.07,0.6,18,0.52,0.41,0.10,0.01,24,58,168,7.8,16,1.3,0.33,0.79,0.09,0.25
04-4-106,44106,蒜苗,4,蔬菜类及其制品,4,葱蒜类,A,,82,88.9,37,155,2.1,0.4,8.0,1.8,—,0.6,47,280,—,0.11,0.08,0.5,35,0.81,0.41,0.28,0.12,29,44,226,5.1,18,1.4,0.46,1.24,0.05,0.17
04-4-107,44107,蒜苔,4,蔬菜类及其制品,4,葱蒜类,,,90,81.8,61,255,2.0,0.1,15.4,2.5,—,0.7,80,480,—,0.04,0.07,0.2,1,1.04,0.70,0.20,0.14,19,52,161,3.8,28,4.2,1.04,2.17,0.03,0.32
04-4-201,44201,大葱,4,蔬菜类及其制品,4,葱蒜类,A,,82,91.0,30,126,1.7,0.3,6.5,1.3,—,0.5,10,60,—,0.03,0.05,0.5,17,0.30,0.27,…,0.03,29,38,144,4.8,19,0.7,0.40,0.67,0.08,0.28
04-4-205,44205,小葱,4,蔬菜类及其制品,4,葱蒜类,A,,73,92.7,24,100,1.6,0.4,4.9,1.4,—,0.4,140,840,—,0.05,0.06,0.4,21,0.49,0.24,0.05,0.20,72,26,143,10.4,18,1.3,0.35,1.06,0.06,0.16
04-4-301,44301,洋葱[葱头],4,蔬菜类及其制品,4,葱蒜类,A,,90,89.2,39,163,1.1,0.2,9.0,0.9,—,0.5,3,20,—,0.03,0.03,0.3,8,0.14,—,—,—,24,39,147,4.4,15,0.6,0.23,0.92,0.05,0.14
04-4-401,44401,韭菜,4,蔬菜类及其制品,4,葱蒜类,A,,90,91.8,26,109,2.4,0.4,4.6,1.4,—,0.8,235,1410,—,0.02,0.09,0.8,24,0.96,0.80,0.16,…,42,38,247,8.1,25,1.6,0.43,1.38,0.08,0.43
04-4-402,44402,韭黄[韭芽],4,蔬菜类及其制品,4,葱蒜类,,,88,93.2,22,92,2.3,0.2,3.9,1.2,—,0.4,43,260,—,0.03,0.05,0.7,15,0.34,0.34,…,…,25,48,192,6.9,12,1.7,0.33,0.76,0.10,0.17
04-4-403,44403,韭苔,4,蔬菜类及其制品,4,葱蒜类,,,85,89.4,33,138,2.2,0.1,7.8,1.9,—,0.5,80,480,—,0.04,0.07,0.2,1,0.96,0.70,0.20,0.06,11,29,121,1.0,22,4.2,1.34,2.28,0.05,0.18
04-5-102,45102,大白菜(白梗)[黄芽白],4,蔬菜类及其制品,5,嫩茎、叶、花菜类,,,92,93.6,21,88,1.7,0.2,3.7,0.6,—,0.8,42,250,—,0.06,0.07,0.8,47,0.92,0.52,0.20,0.20,69,30,130,89.3,12,0.5,0.21,0.33,0.03,0.21
04-5-103,45103,大白菜(青白口),4,蔬菜类及其制品,5,嫩茎、叶、花菜类,A,,83,95.1,15,63,1.4,0.1,3.0,0.9,—,0.4,13,80,—,0.03,0.04,0.4,28,0.36,0.36,…,…,35,28,90,48.4,9,0.6,0.61,0.39,0.04,0.16
04-5-104,45104,大白菜(小白口),4,蔬菜类及其制品,5,嫩茎、叶、花菜类,A,,85,95.2,14,59,1.3,0.1,2.8,0.9,—,0.6,5,30,—,0.02,0.03,0.5,19,0.21,0.21,…,…,45,35,137,34.8,11,0.9,0.31,0.75,0.07,0.17
04-5-106,45106,酸白菜[酸菜],4,蔬菜类及其制品,5,嫩茎、叶、花菜类,A,,100,95.2,14,59,1.1,0.2,2.4,0.5,—,1.1,5,30,—,0.02,0.02,0.6,2,0.86,0.16,0.64,0.06,48,38,104,43.1,21,1.6,0.36,1.27,0.04,0.07
04-5-107,45107,小白菜,4,蔬菜类及其制品,5,嫩茎、叶、花菜类,A,,81,94.5,15,63,1.5,0.3,2.7,1.1,—,1.0,280,1680,—,0.02,0.09,0.7,28,0.70,0.33,0.08,0.29,90,36,178,73.5,18,1.9,0.51,1.17,0.08,0.27
04-5-110,45110,瓢儿白[瓢儿菜],4,蔬菜类及其制品,5,嫩茎、叶、花菜类,,,79,94.1,15,63,1.7,0.2,3.2,1.6,—,0.8,200,1200,—,…,0.03,0.5,10,—,—,—,—,59,36,245,56.9,91,1.8,0.54,3.40,0.06,0.19
04-5-111,45111,乌菜[乌塌菜，塌棵菜],4,蔬菜类及其制品,5,嫩茎、叶、花菜类,,,89,91.8,25,105,2.6,0.4,4.2,1.4,—,1.0,168,1010,—,0.06,0.11,1.1,45,1.16,…,0.16,1.00,186,53,154,115.5,24,3.0,0.70,0.50,0.13,0.36
04-5-112,45112,油菜,4,蔬菜类及其制品,5,嫩茎、叶、花菜类,A,,87,92.9,23,96,1.8,0.5,3.8,1.1,—,1.0,103,620,—,0.04,0.11,0.7,36,0.88,0.71,0.17,…,108,39,210,55.8,22,1.2,0.33,0.79,0.06,0.23
04-5-113,45113,油菜(黑),4,蔬菜类及其制品,5,嫩茎、叶、花菜类,,,96,94.1,17,71,1.8,0.2,2.9,0.9,—,1.0,243,1460,—,0.01,0.10,Tr,24,0.94,0.94,…,…,191,34,143,98.8,34,5.9,1.27,…,…,1.09
04-5-115,45115,油菜(小),4,蔬菜类及其制品,5,嫩茎、叶、花菜类,,,95,96.0,11,46,1.3,0.2,1.6,0.7,—,0.9,243,1460,—,0.01,0.08,…,7,0.76,0.60,0.13,0.03,153,41,157,53.0,27,3.9,0.87,…,…,0.13
04-5-201,45201,甘蓝[圆白菜，卷心菜],4,蔬菜类及其制品,5,嫩茎、叶、花菜类,A,,86,93.2,22,92,1.5,0.2,4.6,1.0,—,0.5,12,70,—,0.03,0.03,0.4,40,0.50,0.21,0.21,0.08,49,26,124,27.2,12,0.6,0.25,0.96,0.04,0.18
04-5-202,45202,菜花[花椰菜],4,蔬菜类及其制品,5,嫩茎、叶、花菜类,A,,82,92.4,24,100,2.1,0.2,4.6,1.2,—,0.7,5,30,—,0.03,0.08,0.6,61,0.43,0.19,0.19,0.05,23,47,200,31.6,18,1.1,0.38,0.73,0.05,0.17
04-5-204,45204,西兰花[绿菜花],4,蔬菜类及其制品,5,嫩茎、叶、花菜类,,,83,90.3,33,138,4.1,0.6,4.3,1.6,—,0.7,1202,7210,—,0.09,0.13,0.9,51,0.91,0.31,0.09,0.51,67,72,17,18.8,17,1.0,0.78,0.70,0.03,0.24
04-5-205,45205,芥菜[雪里红，雪菜],4,蔬菜类及其制品,5,嫩茎、叶、花菜类,A,,94,91.5,24,100,2.0,0.4,4.7,1.6,—,1.4,52,310,—,0.03,0.11,0.5,31,0.74,0.63,0.11,…,230,47,281,30.5,24,3.2,0.70,0.70,0.08,0.42
04-5-206,45206,芥菜(大叶)[盖菜],4,蔬菜类及其制品,5,嫩茎、叶、花菜类,A,,71,94.6,14,59,1.8,0.4,2.0,1.2,—,1.2,283,1700,—,0.02,0.11,0.5,72,0.64,0.64,…,…,28,36,224,29.0,18,1.0,0.41,0.53,0.10,0.70
04-5-207,45207,芥菜(茎用)[青头菜],4,蔬菜类及其制品,5,嫩茎、叶、花菜类,,,92,95.0,7,29,1.3,0.2,2.8,2.8,—,0.7,47,280,—,…,0.02,0.3,7,1.29,—,—,—,23,35,316,41.1,5,0.7,0.25,0.95,0.05,0.10
04-5-208,45208,芥菜(小叶)[小芥菜],4,蔬菜类及其制品,5,嫩茎、叶、花菜类,,,88,92.6,24,100,2.5,0.4,3.6,1.0,—,0.9,242,1450,—,0.05,0.10,0.7,51,2.06,0.94,0.14,0.98,80,40,210,38.9,23,1.5,0.50,0.28,0.06,0.33
04-5-209,45209,芥蓝[甘蓝菜，盖蓝菜],4,蔬菜类及其制品,5,嫩茎、叶、花菜类,,,78,93.2,19,79,2.8,0.4,2.6,1.6,—,1.0,575,3450,—,0.02,0.09,1.0,76,0.96,0.85,0.11,…,128,50,104,50.5,18,2.0,1.30,0.88,0.11,0.53
04-5-301,45301,菠菜[赤根菜],4,蔬菜类及其制品,5,嫩茎、叶、花菜类,A,,89,91.2,24,100,2.6,0.3,4.5,1.7,—,1.4,487,2920,—,0.04,0.11,0.6,32,1.74,1.46,0.28,…,66,47,311,85.2,58,2.9,0.85,0.97,0.10,0.66
04-5-303,45303,冬寒菜[冬苋菜，冬葵],4,蔬菜类及其制品,5,嫩茎、叶、花菜类,,,58,89.6,30,126,3.9,0.4,4.9,2.2,—,1.2,1158,6950,—,0.15,0.05,0.6,20,—,—,—,—,82,56,280,14.0,30,2.4,1.37,2.41,0.13,2.50
04-5-304,45304,观达菜[根达菜，牛皮菜],4,蔬菜类及其制品,5,嫩茎、叶、花菜类,,,83,95.1,14,59,1.7,0.3,2.1,1.0,—,0.8,63,380,—,0.01,0.10,0.4,23,—,—,—,—,70,41,222,260.0,20,1.0,1.35,0.64,0.04,0.50
04-5-306,45306,苦菜[节节花，拒马菜],4,蔬菜类及其制品,5,嫩茎、叶、花菜类,,,100,85.3,35,146,2.8,0.6,10.0,5.4,—,1.3,90,540,—,0.09,0.11,0.6,19,2.93,1.99,…,0.94,66,41,180,8.7,37,9.4,0.86,0.50,0.17,1.53
04-5-310,45310,落葵[木耳菜，软浆菜],4,蔬菜类及其制品,5,嫩茎、叶、花菜类,,,76,92.8,20,84,1.6,0.3,4.3,1.5,—,1.0,337,2020,—,0.06,0.06,0.6,34,1.66,1.39,0.27,…,166,42,140,47.2,62,3.2,0.32,2.60,0.07,0.43
04-5-311,45311,芹菜(白茎)[旱芹，药芹],4,蔬菜类及其制品,5,嫩茎、叶、花菜类,A,,66,94.2,14,59,0.8,0.1,3.9,1.4,—,1.0,10,60,—,0.01,0.08,0.4,12,2.21,1.27,0.41,0.53,48,50,154,73.8,10,0.8,0.46,0.47,0.09,0.17
04-5-312,45312,芹菜茎,4,蔬菜类及其制品,5,嫩茎、叶、花菜类,,,67,93.1,20,84,1.2,0.2,4.5,1.2,—,1.0,57,340,—,0.02,0.06,0.4,8,1.32,0.47,0.34,0.51,80,38,206,159.0,18,1.2,0.24,0.57,0.09,0.16
04-5-313,45313,芹菜叶,4,蔬菜类及其制品,5,嫩茎、叶、花菜类,,,100,89.4,31,130,2.6,0.6,5.9,2.2,—,1.5,488,2930,—,0.08,0.15,0.9,22,2.50,0.57,1.93,…,40,64,137,83.0,58,0.6,1.14,2.00,0.99,0.54
04-5-314,45314,生菜(牛俐)[油麦菜],4,蔬菜类及其制品,5,嫩茎、叶、花菜类,,,81,95.7,15,63,1.4,0.4,2.1,0.6,—,0.4,60,360,—,Tr,0.10,0.2,20,—,—,—,—,70,31,100,80.0,29,1.2,0.43,1.55,0.08,0.15
04-5-315,45315,生菜(叶用莴苣),4,蔬菜类及其制品,5,嫩茎、叶、花菜类,A,,94,95.8,13,54,1.3,0.3,2.0,0.7,—,0.6,298,1790,—,0.03,0.06,0.4,13,1.02,0.43,0.42,0.17,34,27,170,32.8,18,0.9,0.27,1.15,0.03,0.13
04-5-316,45316,甜菜叶,4,蔬菜类及其制品,5,嫩茎、叶、花菜类,A,,100,92.2,19,80,1.8,0.1,4.0,1.3,0,2.0,610,—,—,0.10,0.22,0.4,30,—,—,—,—,117,40,547,201.0,72,3.3,0.38,—,0.19,—
04-5-317,45317,香菜[芫荽],4,蔬菜类及其制品,5,嫩茎、叶、花菜类,A,,81,90.5,31,130,1.8,0.4,6.2,1.2,—,1.1,193,1160,—,0.04,0.14,2.2,48,0.80,0.68,0.12,…,101,49,272,48.5,33,2.9,0.45,0.53,0.21,0.28
04-5-319,45319,苋菜(绿),4,蔬菜类及其制品,5,嫩茎、叶、花菜类,A,,74,90.2,25,105,2.8,0.3,5.0,2.2,—,1.7,352,2110,—,0.03,0.12,0.8,47,0.36,0.15,0.14,0.07,187,59,207,32.4,119,5.4,0.80,0.52,0.13,0.78
04-5-320,45320,苋菜(紫)[红苋],4,蔬菜类及其制品,5,嫩茎、叶、花菜类,,,73,88.8,31,130,2.8,0.4,5.9,1.8,—,2.1,248,1490,—,0.03,0.10,0.6,30,1.54,0.88,0.66,…,178,63,340,42.3,38,2.9,0.70,0.09,0.07,0.35
04-5-321,45321,茼蒿[蓬蒿菜，艾菜],4,蔬菜类及其制品,5,嫩茎、叶、花菜类,A,,82,93.0,21,88,1.9,0.3,3.9,1.2,—,0.9,252,1510,—,0.04,0.09,0.6,18,0.92,0.46,0.33,0.13,73,36,220,161.3,20,2.5,0.35,0.60,0.06,0.28
04-5-322,45322,茴香[小茴香],4,蔬菜类及其制品,5,嫩茎、叶、花菜类,A,,86,91.2,24,100,2.5,0.4,4.2,1.6,—,1.7,402,2410,—,0.06,0.09,0.8,26,0.94,0.31,…,0.63,154,23,149,186.3,46,1.2,0.73,0.77,0.04,0.31
04-5-324,45324,莴笋[莴苣],4,蔬菜类及其制品,5,嫩茎、叶、花菜类,A,,62,95.5,14,59,1.0,0.1,2.8,0.6,—,0.6,25,150,—,0.02,0.02,0.5,4,0.19,0.08,0.08,0.03,23,48,212,36.5,19,0.9,0.33,0.54,0.07,0.19
04-5-326,45326,蕹菜[空心菜，藤藤菜],4,蔬菜类及其制品,5,嫩茎、叶、花菜类,A,,76,92.9,20,84,2.2,0.3,3.6,1.4,—,1.0,253,1520,—,0.03,0.08,0.8,25,1.09,0.31,0.19,0.59,99,38,243,94.3,29,2.3,0.39,1.20,0.10,0.67
04-5-401,45401,竹笋,4,蔬菜类及其制品,5,嫩茎、叶、花菜类,A,,63,92.8,19,79,2.6,0.2,3.6,1.8,—,0.8,—,—,—,0.08,0.08,0.6,5,0.05,0.03,0.02,…,9,64,389,0.4,1,0.5,0.33,0.04,0.09,1.14
04-5-402,45402,白笋(干),4,蔬菜类及其制品,5,嫩茎、叶、花菜类,,,64,10.0,196,820,26.0,4.0,57.1,43.2,—,2.9,2,10,—,…,0.32,0.2,…,—,—,—,—,31,222,1754,0.7,22,4.2,3.30,2.34,1.94,2.20
04-5-403,45403,鞭笋[马鞭笋],4,蔬菜类及其制品,5,嫩茎、叶、花菜类,A,,45,90.1,11,46,2.6,…,6.7,6.6,—,0.6,—,—,—,0.05,0.09,0.5,7,—,—,—,—,17,49,379,4.6,13,2.5,0.64,0.44,0.08,0.69
04-5-404,45404,春笋,4,蔬菜类及其制品,5,嫩茎、叶、花菜类,A,,66,91.4,20,84,2.4,0.1,5.1,2.8,—,1.0,5,30,—,0.05,0.04,0.4,5,—,—,—,—,8,36,300,6.0,8,2.4,0.43,0.66,0.15,0.78
04-5-405,45405,冬笋,4,蔬菜类及其制品,5,嫩茎、叶、花菜类,,,39,88.1,40,167,4.1,0.1,6.5,0.8,—,1.2,13,80,—,0.08,0.08,0.6,1,—,—,—,—,22,56,—,—,—,0.1,—,—,—,—
04-5-406,45406,黑笋(干),4,蔬菜类及其制品,5,嫩茎、叶、花菜类,A,,76,14.4,213,891,17.6,2.4,57.5,27.2,—,8.1,—,—,—,…,0.41,1.9,…,—,—,—,—,30,426,115,6.2,82,18.9,7.60,4.20,1.30,5.43
04-5-407,45407,毛笋[毛竹笋],4,蔬菜类及其制品,5,嫩茎、叶、花菜类,A,,67,93.1,21,88,2.2,0.2,3.8,1.3,—,0.7,—,—,—,0.04,0.05,0.3,9,0.15,0.15,…,…,16,34,318,5.2,8,0.9,0.47,0.38,0.07,0.35
04-5-408,45408,玉兰片,4,蔬菜类及其制品,5,嫩茎、叶、花菜类,,,100,78.0,43,180,2.6,0.4,18.6,11.3,—,0.4,—,—,—,0.04,0.07,0.1,1,2.24,1.23,1.01,0,42,29,66,1.9,5,3.6,0.23,—,0.04,0.54
04-5-409,45409,百合,4,蔬菜类及其制品,5,嫩茎、叶、花菜类,,,82,56.7,162,678,3.2,0.1,38.8,1.7,—,1.2,—,—,—,0.02,0.04,0.7,18,—,—,—,—,11,61,510,6.7,43,1.0,0.50,0.20,0.24,0.35
04-5-410,45410,百合(干),4,蔬菜类及其制品,5,嫩茎、叶、花菜类,A,F,100,10.3,343,1435,6.7,0.5,79.5,1.7,—,3.0,—,—,—,0.05,0.09,0.9,—,—,—,—,—,32,92,344,37.3,42,5.9,1.31,2.29,1.09,0.59
04-5-412,45412,金针菜[黄花菜],4,蔬菜类及其制品,5,嫩茎、叶、花菜类,,,98,40.3,199,833,19.4,1.4,34.9,7.7,—,4.0,307,1840,—,0.05,0.21,3.1,10,4.92,3.56,1.36,…,301,216,610,59.2,85,8.1,3.99,4.22,0.37,1.21
04-5-414,45414,芦笋[石刁柏，龙须菜],4,蔬菜类及其制品,5,嫩茎、叶、花菜类,A,,90,93.0,19,79,1.4,0.1,4.9,1.9,—,0.6,17,100,—,0.04,0.05,0.7,45,—,—,—,—,10,42,213,3.1,10,1.4,0.41,0.21,0.07,0.17
04-6-001,46001,慈菇[乌芋，白地果],4,蔬菜类及其制品,6,水生蔬菜类,,,89,73.6,94,393,4.6,0.2,19.9,1.4,—,1.7,—,—,—,0.14,0.07,1.6,4,2.16,2.16,…,…,14,157,707,39.1,24,2.2,0.99,0.92,0.22,0.39
04-6-002,46002,豆瓣菜[西洋菜，水田芥],4,蔬菜类及其制品,6,水生蔬菜类,A,,73,94.5,17,71,2.9,0.5,1.5,1.2,—,0.6,1592,9550,—,0.01,0.11,0.3,52,0.59,0.59,…,…,30,26,179,61.2,9,1.0,0.69,0.70,0.06,0.25
04-6-003,46003,菱角(老)[龙角],4,蔬菜类及其制品,6,水生蔬菜类,,,57,73.0,98,410,4.5,0.1,21.4,1.7,—,1.0,2,10,—,0.19,0.06,1.5,13,—,—,—,—,7,93,437,5.8,49,0.6,0.62,—,0.18,0.38
04-6-004,46004,藕[莲藕],4,蔬菜类及其制品,6,水生蔬菜类,A,,88,80.5,70,293,1.9,0.2,16.4,1.2,—,1.0,3,20,—,0.09,0.03,0.3,44,0.73,0.21,0.23,0.29,39,58,243,44.2,19,1.4,0.23,0.39,0.11,1.30
04-6-006,46006,水芹菜,4,蔬菜类及其制品,6,水生蔬菜类,A,,60,96.2,11,46,1.4,0.2,1.8,0.9,—,0.4,63,380,—,0.01,0.19,1.0,5,0.32,0.10,0.22,…,38,32,212,40.9,16,6.9,0.38,0.81,0.10,0.79
04-6-007,46007,茭白[茭笋，茭粑],4,蔬菜类及其制品,6,水生蔬菜类,A,,74,92.2,23,96,1.2,0.2,5.9,1.9,—,0.5,5,30,—,0.02,0.03,0.5,5,0.99,0.99,…,…,4,36,209,5.8,8,0.4,0.33,0.45,0.06,0.49
04-6-008,46008,荸荠[马蹄，地栗],4,蔬菜类及其制品,6,水生蔬菜类,A,,78,83.6,59,247,1.2,0.2,14.2,1.1,—,0.8,3,20,—,0.02,0.02,0.7,7,0.65,0.15,0.28,0.22,4,44,306,15.7,12,0.6,0.34,0.70,0.07,0.11
04-6-009,46009,莼菜(瓶装)[花案菜],4,蔬菜类及其制品,6,水生蔬菜类,A,,100,94.5,20,84,1.4,0.1,3.8,0.5,—,0.2,55,330,—,…,0.01,0.1,…,0.90,0.84,0.06,…,42,17,2,7.9,3,2.4,0.67,0.67,0.04,0.26
04-7-102,47102,豆薯[凉薯，地瓜，沙葛],4,蔬菜类及其制品,7,薯芋类,,,91,85.2,55,230,0.9,0.1,13.4,0.8,—,0.4,—,—,—,0.03,0.03,0.3,13,0.86,0.32,0.45,0.09,21,24,111,5.5,14,0.6,0.23,0.16,0.07,0.11
04-7-103,47103,葛[葛署，粉葛],4,蔬菜类及其制品,7,薯芋类,,,90,60.1,145,607,2.2,0.2,36.1,2.4,—,1.4,—,—,—,0.09,0.05,—,24,—,—,—,—,—,48,…,—,—,1.3,—,1.22,—,0.20
04-7-104,47104,山药[薯蓣，大薯],4,蔬菜类及其制品,7,薯芋类,A,,83,84.8,56,234,1.9,0.2,12.4,0.8,—,0.7,3,20,—,0.05,0.02,0.3,5,0.24,0.24,…,…,16,34,213,18.6,20,0.3,0.27,0.55,0.24,0.12
04-7-201,47201,芋头[芋艿，毛芋],4,蔬菜类及其制品,7,薯芋类,A,,84,78.6,79,331,2.2,0.2,18.1,1.0,—,0.9,27,160,—,0.06,0.05,0.7,6,0.45,0.45,…,…,36,55,378,33.1,23,1.0,0.49,1.45,0.37,0.30
04-7-301,47301,姜[黄姜],4,蔬菜类及其制品,7,薯芋类,A,,95,87.0,41,172,1.3,0.6,10.3,2.7,—,0.8,28,170,—,0.02,0.03,0.8,4,—,—,—,—,27,25,295,14.9,44,1.4,0.34,0.56,0.14,3.20
04-8-018,48018,地肤[益明，扫帚苗],4,蔬菜类及其制品,8,野生蔬菜类,,,100,79.0,61,255,5.2,0.8,10.4,2.2,—,4.6,953,5720,—,0.15,0.31,1.6,39,—,—,—,—,281,66,702,62.4,118,6.5,0.52,—,0.25,0.42
04-8-019,48019,地笋[地古牛，地瓜儿苗叶],4,蔬菜类及其制品,8,野生蔬菜类,,,100,79.0,60,251,4.3,0.7,13.7,4.7,—,2.3,1055,6330,—,0.04,0.25,1.4,7,—,—,—,—,297,62,416,—,25,4.4,0.93,—,0.43,0.26
04-8-028,48028,苦苦菜,4,蔬菜类及其制品,8,野生蔬菜类,,,100,88.2,38,159,2.5,0.9,6.8,1.8,—,1.6,357,2140,—,—,—,—,62,—,—,—,—,—,—,—,—,—,—,—,—,—,—
04-8-032,48032,马兰头[马兰，鸡儿肠，路边菊],4,蔬菜类及其制品,8,野生蔬菜类,A,,100,91.4,25,105,2.4,0.4,4.6,1.6,—,1.2,340,2040,—,0.06,0.13,0.8,26,0.72,0.72,…,…,67,38,285,15.2,14,2.4,0.87,0.75,0.13,0.44
